total_loss,accuracy
0.36639052629470825,88.28
0.47684741020202637,86.72
0.42814287543296814,86.72
0.45867955684661865,84.96
0.48652949929237366,85.0
0.3824097812175751,85.16
0.3539835214614868,85.49
0.3654148280620575,85.55
0.30676475167274475,85.68
0.36109834909439087,85.7
0.4593348503112793,85.65
0.5337495803833008,85.09
0.49078696966171265,85.04
0.4192972779273987,84.93
0.3708663880825043,85.05
0.3701533377170563,85.25
0.3414672017097473,85.25
0.49976328015327454,85.42
0.34855931997299194,85.53
0.23729972541332245,85.9
0.3111613690853119,86.09
0.43386346101760864,86.08
0.4503535330295563,86.04
0.5384461879730225,85.94
0.40669089555740356,86.0
0.3934759199619293,86.0
0.44271594285964966,85.91
0.45463284850120544,85.97
0.3963790833950043,86.02
0.21784573793411255,86.28
0.49609097838401794,86.16
0.446707159280777,86.16
0.5064542889595032,86.15
0.522957444190979,86.03
0.465438574552536,85.92
0.32952001690864563,86.0
0.3910972476005554,85.98
0.37987667322158813,86.02
0.2891041338443756,86.1
0.38588806986808777,86.13
0.37438878417015076,86.2
0.33035627007484436,86.22
0.3049924373626709,86.28
0.41103827953338623,86.24
0.4413117468357086,86.18
0.35030606389045715,86.23
0.39260801672935486,86.2
0.45600757002830505,86.17
0.48029792308807373,86.19
0.3531697988510132,86.14
0.3302879333496094,86.18
0.39828696846961975,86.15
0.24828916788101196,86.22
0.3672434389591217,86.21
0.34964442253112793,86.19
0.4486950933933258,86.19
0.41926634311676025,86.17
0.4027380645275116,86.21
0.4691888093948364,86.16
0.42150816321372986,86.18
0.43457138538360596,86.19
0.28843268752098083,86.23
0.37952953577041626,86.22
0.5587804317474365,86.17
0.47957488894462585,86.13
0.39280349016189575,86.14
0.41777482628822327,86.14
0.3956240713596344,86.16
0.47163262963294983,86.14
0.24405817687511444,86.23
0.43506255745887756,86.26
0.45802614092826843,86.23
0.4306181073188782,86.18
0.4778045117855072,86.18
0.38251617550849915,86.16
0.5073652267456055,86.15
0.3310633897781372,86.19
0.28723573684692383,86.25
0.3647654950618744,86.23
0.3145054876804352,86.31
0.3263396918773651,86.36
0.5262638926506042,86.32
0.354155033826828,86.31
0.5107775330543518,86.28
0.407671719789505,86.29
0.41171738505363464,86.3
