total_loss,accuracy
0.5634692311286926,80.47
0.44054114818573,82.42
0.6093167662620544,81.25
0.41074058413505554,81.64
0.4053282141685486,82.34
0.5569828152656555,81.77
0.4606056809425354,81.92
0.48629364371299744,81.64
0.46179908514022827,82.03
0.48951032757759094,82.03
0.48175477981567383,81.96
0.4634742736816406,82.1
0.4781365394592285,82.03
0.4969829022884369,81.92
0.5325555801391602,81.56
0.6419826745986938,81.4
0.48930832743644714,81.48
0.4918014407157898,81.51
0.5204412937164307,81.41
0.46092432737350464,81.6
0.5845420360565186,81.44
0.5500970482826233,81.25
0.5168936848640442,81.32
0.5389416813850403,81.28
0.44228434562683105,81.41
0.46654054522514343,81.52
0.4349324703216553,81.6
0.5020367503166199,81.64
0.5060060024261475,81.65
0.3303675353527069,81.82
0.42358487844467163,81.78
0.5011370778083801,81.79
0.5224711894989014,81.7
0.5860531330108643,81.76
0.45676735043525696,81.85
0.4803677201271057,81.84
0.38257917761802673,81.99
0.42391422390937805,82.05
0.7622973918914795,81.85
0.4710831940174103,81.97
0.47600722312927246,82.01
0.40000802278518677,82.09
0.5289122462272644,82.1
0.5691741108894348,82.01
0.5987561345100403,81.88
0.4029107689857483,81.86
0.4386061728000641,81.9
0.34975919127464294,82.03
0.4552943706512451,82.02
0.40090763568878174,82.09
0.4305807650089264,82.17
0.5357428789138794,82.12
0.39916202425956726,82.18
0.5605533719062805,82.19
0.4421800971031189,82.19
0.3971107006072998,82.25
0.38183918595314026,82.32
0.48112964630126953,82.29
0.46908098459243774,82.32
0.42601847648620605,82.36
0.641160786151886,82.33
0.5653910040855408,82.3
0.44644594192504883,82.25
0.4165991246700287,82.29
0.5091105699539185,82.31
0.4035777449607849,82.35
0.4319854974746704,82.42
0.40537434816360474,82.4
0.47335490584373474,82.36
0.440968781709671,82.39
0.5093177556991577,82.34
0.6549519300460815,82.31
0.3924660384654999,82.32
0.4556858539581299,82.35
0.4229580760002136,82.43
0.3481004536151886,82.5
0.4561368227005005,82.54
0.4958532452583313,82.51
0.5008407235145569,82.49
0.3899906575679779,82.53
0.5809841156005859,82.47
0.48198577761650085,82.45
0.6114546656608582,82.41
0.4484902024269104,82.4
0.6071398258209229,82.33
0.40622836351394653,82.37
