total_loss,accuracy
0.27522197365760803,90.62
0.45921590924263,89.06
0.46379905939102173,88.54
0.4886244535446167,87.5
0.348678320646286,88.13
0.6465772390365601,87.5
0.6864989995956421,86.72
0.6511554718017578,86.33
0.341642290353775,86.46
0.4729165732860565,86.64
0.5314940810203552,86.79
0.6395890712738037,86.65
0.22452311217784882,87.2
0.434762179851532,87.22
0.8216304183006287,86.77
0.4899807870388031,86.57
0.8397476673126221,86.17
0.6774427890777588,85.98
0.41829338669776917,85.98
0.48342978954315186,85.98
0.6043090224266052,86.01
0.36342570185661316,86.19
0.17698344588279724,86.51
0.41849377751350403,86.62
0.23732571303844452,86.87
0.4417093098163605,86.96
0.3485107421875,87.04
0.32585930824279785,87.14
0.31913378834724426,87.2
0.6393389105796814,87.03
0.6790099143981934,86.9
0.40038323402404785,86.96
0.36849111318588257,86.98
0.4366839826107025,87.02
0.31654301285743713,87.14
0.543791651725769,87.13
0.44596752524375916,87.18
0.476692259311676,87.13
0.6372836828231812,87.02
0.7255398035049438,86.91
0.30654263496398926,86.99
0.4953247904777527,87.03
0.6130824089050293,87.06
0.32004955410957336,87.16
0.49217498302459717,87.2
0.7554746866226196,87.16
0.5632228255271912,87.15
0.3507457375526428,87.24
0.5774239301681519,87.13
0.6398540735244751,87.09
0.34834009408950806,87.13
0.3270365595817566,87.18
0.2777702212333679,87.29
0.30517956614494324,87.38
0.3271426856517792,87.43
0.3560795485973358,87.46
0.5599437355995178,87.5
0.23942860960960388,87.63
0.3854139447212219,87.66
0.32871752977371216,87.73
0.7922804355621338,87.65
0.4213014543056488,87.68
0.566209077835083,87.66
0.23710837960243225,87.7
0.4616163372993469,87.75
0.3106314539909363,87.75
0.6845277547836304,87.66
0.4807148575782776,87.7
0.5450606942176819,87.7
0.4644004702568054,87.76
0.4195356070995331,87.82
0.44593796133995056,87.83
0.4463065564632416,87.86
0.2844001054763794,87.93
0.29091596603393555,87.98
0.7305467128753662,87.91
0.5269549489021301,87.86
0.4546397626399994,87.88
0.4358195960521698,87.87
0.8546075224876404,87.75
0.2767104208469391,87.82
0.40440633893013,87.85
0.5079815983772278,87.88
0.625320553779602,87.88
0.5416231155395508,87.88
0.3907984495162964,87.89
