total_loss,accuracy
0.6144983172416687,76.56
0.5339076519012451,79.3
0.5703359246253967,80.21
0.47867944836616516,80.47
0.6238396763801575,79.84
0.6207106113433838,79.56
0.63906329870224,79.13
0.545996367931366,79.1
0.5845542550086975,78.91
0.7668753862380981,78.67
0.5894806385040283,78.62
0.5366163849830627,78.71
0.6378878355026245,78.37
0.706691563129425,78.18
0.6661860346794128,78.02
0.5430619716644287,78.03
0.6569010615348816,77.9
0.5721560716629028,77.73
0.6662344932556152,77.8
0.5140002965927124,78.05
0.7286238670349121,77.79
0.5564882159233093,77.7
0.567088782787323,77.85
0.6407767534255981,77.73
0.5143681764602661,77.88
0.45046156644821167,78.09
0.5968940258026123,78.1
0.5994547009468079,78.01
0.5195417404174805,78.07
0.5985003709793091,78.07
0.6707159280776978,77.95
0.5830153226852417,77.86
0.6136297583580017,77.98
0.5322901606559753,78.06
0.5399975776672363,78.06
0.5836471915245056,78.1
0.5321010947227478,78.15
0.7142184376716614,78.06
0.475002259016037,78.27
0.7679648995399475,78.14
0.6472991704940796,78.07
0.6435443162918091,78.01
0.4279688596725464,78.18
0.5270427465438843,78.23
0.6649582386016846,78.11
0.4448242783546448,78.28
0.6241239309310913,78.26
0.6212617754936218,78.22
0.5742610692977905,78.25
0.5302783250808716,78.23
0.5913497805595398,78.22
0.4651333689689636,78.35
0.6490389108657837,78.27
0.4863138198852539,78.31
0.5910382270812988,78.3
0.6819128394126892,78.24
0.6413511037826538,78.28
0.5302233695983887,78.26
0.6160918474197388,78.28
0.5871844291687012,78.27
0.4819135069847107,78.32
0.5560047030448914,78.33
0.6055284738540649,78.31
0.7015031576156616,78.21
0.6789579391479492,78.17
0.6766532063484192,78.15
0.6168748736381531,78.14
0.7045912146568298,78.11
0.5313084125518799,78.1
0.48409631848335266,78.17
0.4524490237236023,78.22
0.577019214630127,78.14
0.5014091730117798,78.12
0.45576682686805725,78.2
0.5036635398864746,78.26
0.5192440152168274,78.28
0.5925458073616028,78.29
0.5669193267822266,78.28
0.6175382137298584,78.28
0.674690306186676,78.22
0.6035189032554626,78.21
0.5598191022872925,78.22
0.4485315680503845,78.3
0.7987290024757385,78.26
0.5329820513725281,78.24
0.616636335849762,78.24
