total_loss,accuracy
0.693321704864502,74.22
0.8090355396270752,74.22
0.9479530453681946,70.57
0.6442675590515137,72.66
1.0072954893112183,72.97
0.9446229338645935,73.18
0.7444918155670166,72.43
0.9581427574157715,72.56
0.8344982266426086,72.31
0.5317357778549194,73.12
0.8875077962875366,72.73
0.5936113595962524,73.18
0.9835091233253479,72.96
0.8907124400138855,72.71
0.7196067571640015,72.71
0.869358241558075,72.31
0.8870757222175598,72.24
0.6328937411308289,72.44
0.7858853340148926,72.49
0.7095036506652832,72.81
0.8025355339050293,72.77
0.6545479893684387,73.01
0.8088302612304688,73.13
0.738815188407898,73.24
1.1105366945266724,72.81
0.9663395881652832,72.66
0.675668478012085,72.74
0.9083352088928223,72.57
1.0259586572647095,72.58
1.0795027017593384,72.32
0.9801762700080872,72.25
0.9975785613059998,72.29
0.8842519521713257,72.21
0.9398844838142395,72.1
0.8217501640319824,72.17
0.8860286474227905,72.07
0.9948718547821045,72.07
0.6507088541984558,72.25
1.0788542032241821,72.06
0.8180793523788452,72.09
0.8565349578857422,72.03
0.5866550803184509,72.15
0.9448671340942383,72.02
0.7746608853340149,72.0
0.9223647117614746,72.0
0.713291585445404,72.11
1.0010383129119873,72.07
0.8187862038612366,72.1
1.057955265045166,72.02
0.9812767505645752,71.95
0.8929328322410583,71.95
0.8081257343292236,72.03
0.7365460991859436,72.08
0.7967226505279541,72.18
1.0475999116897583,72.12
0.7972862124443054,72.08
0.9820683598518372,72.08
1.014966607093811,71.96
0.7222172617912292,71.99
0.754405677318573,72.02
0.6307539939880371,72.17
1.244111180305481,72.1
0.8114611506462097,72.17
0.7398185133934021,72.17
1.0024861097335815,72.16
0.9850912690162659,72.15
0.8091540932655334,72.19
0.6761800050735474,72.23
0.7125680446624756,72.31
1.0357956886291504,72.18
0.8521747589111328,72.18
0.7931553721427917,72.2
0.9327570796012878,72.15
0.7259751558303833,72.17
0.7521973848342896,72.22
0.7821362614631653,72.18
0.8482807874679565,72.16
0.7967192530632019,72.18
0.8889920711517334,72.17
1.0535269975662231,72.15
0.9562967419624329,72.15
0.7969767451286316,72.17
0.876379668712616,72.1
0.741835355758667,72.14
0.7433127760887146,72.19
0.5991689562797546,72.24
