total_loss,accuracy
1.10930597782135,67.19
1.0806976556777954,67.97
0.9945523738861084,68.75
1.115038514137268,69.53
0.7355292439460754,70.94
0.9437402486801147,70.96
1.1420974731445312,70.42
0.8738760948181152,70.31
1.0809940099716187,70.31
0.9696500301361084,70.31
0.8663524389266968,70.38
0.7793537974357605,70.77
0.7010616064071655,70.97
1.0021955966949463,71.09
1.1133017539978027,70.89
0.9416970014572144,70.95
0.8074172735214233,71.28
1.0313818454742432,71.22
0.9112686514854431,71.38
0.8337869048118591,71.64
0.9457991123199463,71.76
0.908694326877594,71.66
0.8557561635971069,71.81
1.0149545669555664,71.88
0.8718107342720032,72.0
0.8371888399124146,72.0
1.0336048603057861,72.14
0.8246937990188599,72.1
0.9790546298027039,72.12
0.6666858196258545,72.34
0.8877297639846802,72.23
1.1353219747543335,72.22
1.0058943033218384,72.14
0.9604682326316833,72.2
0.8362153768539429,72.32
0.8563356399536133,72.35
0.8394062519073486,72.45
0.9624341130256653,72.45
0.7740908861160278,72.52
0.6839182376861572,72.62
0.9018702507019043,72.62
1.0832180976867676,72.49
0.9072699546813965,72.46
1.2305965423583984,72.28
1.0923844575881958,72.15
0.9132787585258484,72.11
0.7648019790649414,72.19
0.7220946550369263,72.3
0.7489455342292786,72.4
0.9341571927070618,72.37
0.9173710346221924,72.29
0.6288689374923706,72.4
1.1028218269348145,72.27
0.8247215747833252,72.34
0.9881540536880493,72.34
0.7153749465942383,72.42
0.8611136674880981,72.52
0.8748098015785217,72.48
1.215027093887329,72.42
0.8992087244987488,72.43
0.8586847186088562,72.45
0.8120643496513367,72.42
1.0385998487472534,72.45
0.8855816125869751,72.46
1.1803507804870605,72.36
0.8181195855140686,72.37
0.8314677476882935,72.41
0.8831139206886292,72.4
1.096769094467163,72.36
1.111474871635437,72.4
0.7835726141929626,72.4
1.0337623357772827,72.42
0.8954010605812073,72.4
0.7601717710494995,72.51
0.9381144642829895,72.53
0.7327743768692017,72.6
0.6286653876304626,72.7
1.1746180057525635,72.63
0.6881284117698669,72.71
1.0426197052001953,72.7
1.0813159942626953,72.67
1.0225874185562134,72.68
0.8487015962600708,72.63
1.1526432037353516,72.62
0.8345771431922913,72.64
1.0218583345413208,72.65
