total_loss,accuracy
1.0125739574432373,61.72
1.0555288791656494,62.11
0.9744636416435242,63.28
1.1663752794265747,62.3
1.0678675174713135,62.19
0.8542362451553345,62.5
1.1463327407836914,62.5
1.0828238725662231,62.5
1.1162501573562622,62.24
1.0351532697677612,62.27
1.0224237442016602,62.07
1.054442286491394,61.72
0.9755210876464844,62.2
0.8903651833534241,62.83
0.9042797684669495,63.28
1.131835699081421,63.13
0.9713062047958374,63.37
0.9036001563072205,63.59
1.1712806224822998,63.2
1.0638550519943237,63.05
1.0572400093078613,63.02
1.0471038818359375,62.75
0.9733916521072388,62.87
0.9461007714271545,63.02
1.1771092414855957,62.84
1.1450823545455933,62.65
1.1012579202651978,62.62
1.089709997177124,62.67
0.9423058032989502,62.74
0.9670880436897278,62.86
1.163170337677002,62.75
0.7992486357688904,62.84
1.018345594406128,62.93
0.8322727680206299,63.1
0.934300422668457,63.21
0.8010771870613098,63.3
0.8178486824035645,63.47
1.0032875537872314,63.55
1.007353663444519,63.68
0.8177253007888794,63.75
1.1030346155166626,63.55
1.0089870691299438,63.49
1.0070524215698242,63.5
0.9200413823127747,63.53
0.9417111277580261,63.52
0.814089834690094,63.6
0.9849663972854614,63.66
1.1066901683807373,63.62
0.852208137512207,63.62
1.1342010498046875,63.58
0.969204306602478,63.66
1.0582014322280884,63.64
1.0297151803970337,63.61
1.0109370946884155,63.63
0.9810449481010437,63.64
1.1392682790756226,63.55
1.2905714511871338,63.47
0.9417148232460022,63.54
1.1653633117675781,63.53
1.0658807754516602,63.49
1.1321673393249512,63.41
1.1507372856140137,63.43
1.3048439025878906,63.33
1.0648804903030396,63.35
0.8161250352859497,63.45
0.7765365242958069,63.57
1.1028872728347778,63.5
1.22421395778656,63.42
0.9781836867332458,63.47
0.8997980952262878,63.6
0.9528496265411377,63.59
1.2511465549468994,63.49
1.0320734977722168,63.51
0.8969870805740356,63.55
1.0898933410644531,63.5
1.2054274082183838,63.44
1.0538113117218018,63.48
1.1297416687011719,63.42
1.1515756845474243,63.42
1.0033949613571167,63.44
1.0574735403060913,63.4
1.0494623184204102,63.37
1.2852182388305664,63.32
0.9436277747154236,63.3
0.9378936886787415,63.43
0.9885928630828857,63.45
