total_loss,accuracy
0.8901713490486145,67.97
1.0770195722579956,66.41
1.1169853210449219,65.89
0.7824051380157471,67.77
0.8613733649253845,68.59
0.7855510711669922,69.53
0.9753126502037048,69.42
0.8017897605895996,69.63
0.6817184090614319,70.92
0.8677684664726257,70.7
1.0068225860595703,70.24
1.00812828540802,70.25
0.7699621915817261,70.37
0.9790501594543457,70.2
0.9494131207466125,70.36
1.0377832651138306,70.07
0.8379061222076416,70.17
0.786121129989624,70.27
0.8371253609657288,70.35
0.7988193035125732,70.35
0.7283174991607666,70.61
0.7849491834640503,70.6
0.984326958656311,70.45
0.6496985554695129,70.77
0.826755940914154,70.78
0.8181679248809814,70.73
0.8209226727485657,70.83
0.8179872035980225,70.87
0.8319639563560486,70.8
0.9067055583000183,70.65
0.8656371235847473,70.69
0.7790390253067017,70.75
0.8940961956977844,70.69
0.9045708179473877,70.7
0.9647794961929321,70.58
0.7894893884658813,70.53
0.7806866765022278,70.54
0.7320278882980347,70.64
0.7723978757858276,70.73
1.0231646299362183,70.53
1.0979561805725098,70.33
0.8985128402709961,70.39
0.9976843595504761,70.19
0.6566624641418457,70.37
0.9778718948364258,70.31
0.7636659741401672,70.41
0.7951893210411072,70.43
0.7390719056129456,70.52
0.9736104607582092,70.42
0.7927125692367554,70.45
1.073972225189209,70.33
0.9229488372802734,70.27
0.6280680894851685,70.37
0.7036125063896179,70.53
0.9398267865180969,70.54
0.8836771845817566,70.52
0.9362647533416748,70.53
0.8364572525024414,70.6
0.8625867366790771,70.66
0.7935488224029541,70.69
0.7809871435165405,70.72
0.7591996788978577,70.77
0.7895204424858093,70.8
0.9071214199066162,70.81
0.8920411467552185,70.78
0.9556441903114319,70.7
1.1147369146347046,70.58
0.7450664043426514,70.62
0.8094125986099243,70.62
0.7812678217887878,70.59
0.7902941107749939,70.55
0.7737603783607483,70.55
0.9685846567153931,70.51
0.8619394302368164,70.49
0.7096123695373535,70.5
1.1648342609405518,70.38
1.1502057313919067,70.34
0.7756020426750183,70.38
1.060660719871521,70.34
0.9655224084854126,70.27
0.8814690709114075,70.26
0.9317759275436401,70.28
0.7590817213058472,70.3
0.8384294509887695,70.24
0.9388179183006287,70.22
0.8674136400222778,70.24
